Workbook

Sheet Productos
A1: Código | B1: Producto | C1: Precio | D1: Stock | E1: Texto QR | F1: QR
A2: P001 | B2: Mouse USB | C2: 15 | D2: 40 | E2: =IF(A2="","","Código: "&A2&CHAR(10)&"Producto: "&B2&CHAR(10)&"Precio: $"&TEXT(C2,"0.00")&CHAR(10)&"Stock: "&D2) | F2: =IF(A2="","",IMAGE("https://api.qrserver.com/v1/create-qr-code/?size=150x150&data="&ENCODEURL(E2)))
A3: P002 | B3: Teclado mecánico | C3: 45.5 | D3: 22 | E3: =IF(A3="","","Código: "&A3&CHAR(10)&"Producto: "&B3&CHAR(10)&"Precio: $"&TEXT(C3,"0.00")&CHAR(10)&"Stock: "&D3) | F3: =IF(A3="","",IMAGE("https://api.qrserver.com/v1/create-qr-code/?size=150x150&data="&ENCODEURL(E3)))
A4: P003 | B4: Monitor 24" | C4: 120 | D4: 8 | E4: =IF(A4="","","Código: "&A4&CHAR(10)&"Producto: "&B4&CHAR(10)&"Precio: $"&TEXT(C4,"0.00")&CHAR(10)&"Stock: "&D4) | F4: =IF(A4="","",IMAGE("https://api.qrserver.com/v1/create-qr-code/?size=150x150&data="&ENCODEURL(E4)))
A5: P004 | B5: Cable HDMI 2m | C5: 8.99 | D5: 100 | E5: =IF(A5="","","Código: "&A5&CHAR(10)&"Producto: "&B5&CHAR(10)&"Precio: $"&TEXT(C5,"0.00")&CHAR(10)&"Stock: "&D5) | F5: =IF(A5="","",IMAGE("https://api.qrserver.com/v1/create-qr-code/?size=150x150&data="&ENCODEURL(E5)))
A6: P005 | B6: Webcam HD | C6: 35 | D6: 15 | E6: =IF(A6="","","Código: "&A6&CHAR(10)&"Producto: "&B6&CHAR(10)&"Precio: $"&TEXT(C6,"0.00")&CHAR(10)&"Stock: "&D6) | F6: =IF(A6="","",IMAGE("https://api.qrserver.com/v1/create-qr-code/?size=150x150&data="&ENCODEURL(E6)))
E7: =IF(A7="","","Código: "&A7&CHAR(10)&"Producto: "&B7&CHAR(10)&"Precio: $"&TEXT(C7,"0.00")&CHAR(10)&"Stock: "&D7) | F7: =IF(A7="","",IMAGE("https://api.qrserver.com/v1/create-qr-code/?size=150x150&data="&ENCODEURL(E7)))
E8: =IF(A8="","","Código: "&A8&CHAR(10)&"Producto: "&B8&CHAR(10)&"Precio: $"&TEXT(C8,"0.00")&CHAR(10)&"Stock: "&D8) | F8: =IF(A8="","",IMAGE("https://api.qrserver.com/v1/create-qr-code/?size=150x150&data="&ENCODEURL(E8)))
E9: =IF(A9="","","Código: "&A9&CHAR(10)&"Producto: "&B9&CHAR(10)&"Precio: $"&TEXT(C9,"0.00")&CHAR(10)&"Stock: "&D9) | F9: =IF(A9="","",IMAGE("https://api.qrserver.com/v1/create-qr-code/?size=150x150&data="&ENCODEURL(E9)))
E10: =IF(A10="","","Código: "&A10&CHAR(10)&"Producto: "&B10&CHAR(10)&"Precio: $"&TEXT(C10,"0.00")&CHAR(10)&"Stock: "&D10) | F10: =IF(A10="","",IMAGE("https://api.qrserver.com/v1/create-qr-code/?size=150x150&data="&ENCODEURL(E10)))
E11: =IF(A11="","","Código: "&A11&CHAR(10)&"Producto: "&B11&CHAR(10)&"Precio: $"&TEXT(C11,"0.00")&CHAR(10)&"Stock: "&D11) | F11: =IF(A11="","",IMAGE("https://api.qrserver.com/v1/create-qr-code/?size=150x150&data="&ENCODEURL(E11)))
E12: =IF(A12="","","Código: "&A12&CHAR(10)&"Producto: "&B12&CHAR(10)&"Precio: $"&TEXT(C12,"0.00")&CHAR(10)&"Stock: "&D12) | F12: =IF(A12="","",IMAGE("https://api.qrserver.com/v1/create-qr-code/?size=150x150&data="&ENCODEURL(E12)))
E13: =IF(A13="","","Código: "&A13&CHAR(10)&"Producto: "&B13&CHAR(10)&"Precio: $"&TEXT(C13,"0.00")&CHAR(10)&"Stock: "&D13) | F13: =IF(A13="","",IMAGE("https://api.qrserver.com/v1/create-qr-code/?size=150x150&data="&ENCODEURL(E13)))
E14: =IF(A14="","","Código: "&A14&CHAR(10)&"Producto: "&B14&CHAR(10)&"Precio: $"&TEXT(C14,"0.00")&CHAR(10)&"Stock: "&D14) | F14: =IF(A14="","",IMAGE("https://api.qrserver.com/v1/create-qr-code/?size=150x150&data="&ENCODEURL(E14)))
E15: =IF(A15="","","Código: "&A15&CHAR(10)&"Producto: "&B15&CHAR(10)&"Precio: $"&TEXT(C15,"0.00")&CHAR(10)&"Stock: "&D15) | F15: =IF(A15="","",IMAGE("https://api.qrserver.com/v1/create-qr-code/?size=150x150&data="&ENCODEURL(E15)))
E16: =IF(A16="","","Código: "&A16&CHAR(10)&"Producto: "&B16&CHAR(10)&"Precio: $"&TEXT(C16,"0.00")&CHAR(10)&"Stock: "&D16) | F16: =IF(A16="","",IMAGE("https://api.qrserver.com/v1/create-qr-code/?size=150x150&data="&ENCODEURL(E16)))
E17: =IF(A17="","","Código: "&A17&CHAR(10)&"Producto: "&B17&CHAR(10)&"Precio: $"&TEXT(C17,"0.00")&CHAR(10)&"Stock: "&D17) | F17: =IF(A17="","",IMAGE("https://api.qrserver.com/v1/create-qr-code/?size=150x150&data="&ENCODEURL(E17)))
E18: =IF(A18="","","Código: "&A18&CHAR(10)&"Producto: "&B18&CHAR(10)&"Precio: $"&TEXT(C18,"0.00")&CHAR(10)&"Stock: "&D18) | F18: =IF(A18="","",IMAGE("https://api.qrserver.com/v1/create-qr-code/?size=150x150&data="&ENCODEURL(E18)))
... E20: =IF(A20="","","Código: "&A20&CHAR(10)&"Producto: "&B20&CHAR(10)&"Precio: $"&TEXT(C20,"0.00")&CHAR(10)&"Stock: "&D20) | F20: =IF(A20="","",IMAGE("https://api.qrserver.com/v1/create-qr-code/?size=150x150&data="&ENCODEURL(E20)))
A22: Nota: Abre en Excel Microsoft 365 con internet. Agrega productos en A–D; las columnas E y F se llenan solas. Al escanear el QR, el teléfono muestra los datos del producto.

Sheet Etiquetas
A1: Código | B1: Producto | C1: QR
A2: =IF(Productos!A2="","",Productos!A2) | B2: =IF(Productos!B2="","",Productos!B2) | C2: =IF(Productos!A2="","",Productos!F2)
A3: =IF(Productos!A3="","",Productos!A3) | B3: =IF(Productos!B3="","",Productos!B3) | C3: =IF(Productos!A3="","",Productos!F3)
A4: =IF(Productos!A4="","",Productos!A4) | B4: =IF(Productos!B4="","",Productos!B4) | C4: =IF(Productos!A4="","",Productos!F4)
A5: =IF(Productos!A5="","",Productos!A5) | B5: =IF(Productos!B5="","",Productos!B5) | C5: =IF(Productos!A5="","",Productos!F5)
A6: =IF(Productos!A6="","",Productos!A6) | B6: =IF(Productos!B6="","",Productos!B6) | C6: =IF(Productos!A6="","",Productos!F6)
A7: =IF(Productos!A7="","",Productos!A7) | B7: =IF(Productos!B7="","",Productos!B7) | C7: =IF(Productos!A7="","",Productos!F7)
A8: =IF(Productos!A8="","",Productos!A8) | B8: =IF(Productos!B8="","",Productos!B8) | C8: =IF(Productos!A8="","",Productos!F8)
A9: =IF(Productos!A9="","",Productos!A9) | B9: =IF(Productos!B9="","",Productos!B9) | C9: =IF(Productos!A9="","",Productos!F9)
A10: =IF(Productos!A10="","",Productos!A10) | B10: =IF(Productos!B10="","",Productos!B10) | C10: =IF(Productos!A10="","",Productos!F10)
A11: =IF(Productos!A11="","",Productos!A11) | B11: =IF(Productos!B11="","",Productos!B11) | C11: =IF(Productos!A11="","",Productos!F11)
A12: =IF(Productos!A12="","",Productos!A12) | B12: =IF(Productos!B12="","",Productos!B12) | C12: =IF(Productos!A12="","",Productos!F12)
A13: =IF(Productos!A13="","",Productos!A13) | B13: =IF(Productos!B13="","",Productos!B13) | C13: =IF(Productos!A13="","",Productos!F13)
... A20: =IF(Productos!A20="","",Productos!A20) | B20: =IF(Productos!B20="","",Productos!B20) | C20: =IF(Productos!A20="","",Productos!F20)
A22: Usa esta hoja para imprimir etiquetas (código + producto + QR).

Sheet Instrucciones
A1: Productos con QR — cómo usarlo
A3: Qué hace este archivo
A4: 1) En la hoja Productos hay una tabla de ejemplo.
A5: 2) La columna Texto QR arma los datos que verás al escanear.
A6: 3) La columna QR genera la imagen del código (Excel Microsoft 365).
A7: 4) Al escanear, el móvil muestra código, producto, precio y stock.
A9: Requisitos
A10: • Excel Microsoft 365 (funciones IMAGE y ENCODEURL).
A11: • Internet la primera vez (para dibujar el QR).
A12: • Excel antiguo: copia Texto QR en un generador online de QR.
A14: Cómo agregar un producto
A15: 1) Escribe Código, Producto, Precio y Stock en una fila vacía.
... A21: Ejemplo de fórmula alternativa en la columna F:
A22: =IMAGE("https://api.qrserver.com/v1/create-qr-code/?size=150x150&data="&ENCODEURL("https://tudominio.com/producto?id="&A2))
